code,name,buy_date,sell_date,buy_price,sell_price,shares,pnl,pnl_pct,hold_weeks,exit_reason
000523,红棉股份,2010-11-19,2011-04-29,5.124634993270524,4.51,1700,-1049.79,-12.05,23,stop_loss
000546,金圆股份,2010-11-19,2010-12-03,15.121359637249594,13.57,500,-779.98,-10.32,2,stop_loss
000811,冰轮环境,2010-12-10,2010-12-24,5.591404759432248,5.489235106418129,1500,-158.24,-1.89,2,breakout_failure
600617,国新能源,2010-12-17,2011-04-15,4.516118374829019,5.286488036346166,1900,1458.11,16.99,17,take_profit
000006,深振业Ａ,2011-01-14,2011-08-12,3.2913000905888268,2.82,2700,-1277.46,-14.38,30,stop_loss
600461,洪城环境,2011-02-04,2011-05-20,4.394991340592923,3.89,2000,-1014.95,-11.55,15,stop_loss
600984,建设机械,2011-02-11,2011-03-18,5.092458300238284,5.48886624305004,1700,668.5,7.72,5,breakout_failure
300022,吉峰科技,2011-02-11,2011-03-04,16.93131993093241,17.574378922052293,500,316.35,3.74,3,breakout_failure
600563,法拉电子,2011-02-18,2011-05-27,19.341796905311774,17.09,400,-905.09,-11.7,14,stop_loss
002335,科华数据,2011-02-18,2011-04-29,7.188510527044008,5.56,1200,-1958.8,-22.71,10,stop_loss
002331,皖通科技,2011-02-18,2011-04-29,7.542488614629103,6.21,1100,-1470.28,-17.72,10,stop_loss
600353,旭光电子,2011-02-25,2011-04-29,2.4661613582178514,2.8005465606839524,3400,1131.54,13.49,9,breakout_failure
600880,博瑞传播,2011-02-25,2011-04-01,10.665427863904789,9.57,800,-881.2,-10.33,5,stop_loss
600262,北方股份,2011-03-18,2011-12-16,18.671136407766987,13.68,400,-2000.34,-26.78,38,stop_loss
002361,神剑股份,2011-03-25,2011-04-22,2.396996957800781,2.19,3400,-708.47,-8.69,4,stop_loss
002195,岩山科技,2011-04-22,2011-05-20,1.08754974123154,1.4129474525316454,7500,2434.86,29.85,4,take_profit
002154,报喜鸟,2011-04-29,2011-12-23,4.561928323623295,3.9,1800,-1196.04,-14.57,33,stop_loss
000727,冠捷科技,2011-05-27,2011-06-03,5.559568211180124,5.36,1400,-283.98,-3.65,1,stop_loss
000798,中水渔业,2011-06-03,2011-09-30,11.446922019982624,8.75,700,-1892.09,-23.61,17,stop_loss
000758,中色股份,2011-06-03,2011-06-24,13.311575050216724,12.255463177925785,600,-638.27,-7.99,3,approaching_failed
600132,重庆啤酒,2011-06-10,2011-12-09,42.188664576043486,48.37398137028243,100,615.81,14.6,24,breakout_failure
300006,莱美药业,2011-06-10,2011-07-22,4.952953220338982,5.781008511082138,1600,1319.74,16.65,6,take_profit
000935,四川双马,2011-06-24,2011-07-08,12.30194196,12.676400141538464,600,220.18,2.98,2,breakout_failure
600409,三友化工,2011-06-24,2011-07-08,5.4119596537686245,5.618775163037033,1500,305.26,3.76,2,breakout_failure
601600,中国铝业,2011-06-24,2011-08-05,10.028986223975052,9.45,800,-467.86,-5.83,6,stop_loss
002150,正泰电源,2011-06-24,2011-08-12,6.225348022450519,5.57,1300,-856.55,-10.58,7,stop_loss
600188,兖矿能源,2011-07-01,2011-07-22,9.066764314337055,8.592054128023463,900,-432.01,-5.29,3,approaching_failed
000933,神火股份,2011-07-15,2011-10-21,12.660045219912316,9.96,600,-1624.1,-21.38,13,stop_loss
000957,中通客车,2011-07-15,2011-08-05,4.031381242166559,3.757282900445422,1900,-525.23,-6.86,3,approaching_failed
002378,章源钨业,2011-08-19,2011-09-16,10.650170083277697,9.73,700,-648.4,-8.7,4,stop_loss
600493,凤竹纺织,2011-08-19,2011-12-16,7.521666020263645,5.52,1000,-2005.58,-26.66,16,stop_loss
600684,珠江股份,2011-08-26,2011-09-16,3.052885663611789,2.7702842381486126,2500,-710.87,-9.31,3,approaching_failed
002338,奥普光电,2011-08-26,2011-09-16,14.43021843742376,14.261416549768235,500,-88.7,-1.23,3,approaching_failed
600125,铁龙物流,2011-09-02,2011-09-09,8.353485400372849,8.03,900,-295.56,-3.93,1,stop_loss
600353,旭光电子,2011-09-02,2011-10-21,3.4481325137833405,2.51,2200,-2067.82,-27.26,6,stop_loss
000928,中钢国际,2011-09-23,2011-09-30,5.9823076923076925,5.76,1200,-271.0,-3.77,1,stop_loss
600273,嘉化能源,2011-10-14,2011-10-28,6.3374685399300885,4.92,1100,-1562.93,-22.42,2,stop_loss
002028,思源电气,2011-10-14,2011-10-28,7.850067083543732,7.24,900,-553.13,-7.83,2,stop_loss
600008,首创环保,2011-10-28,2011-11-18,1.7865904974408657,1.7862393353101786,4000,-5.69,-0.08,3,breakout_failure
600750,华润江中,2011-10-28,2012-01-20,8.454288453193028,7.18,800,-1023.18,-15.13,12,stop_loss
600867,通化东宝,2011-10-28,2012-01-06,2.8192126171474827,2.41,2500,-1026.95,-14.57,10,stop_loss
600895,张江高科,2011-10-28,2011-12-16,7.918527567708332,7.33,800,-474.48,-7.49,7,stop_loss
600022,山东钢铁,2011-10-28,2011-12-02,2.690646020968546,2.48,2500,-530.49,-7.89,5,stop_loss
000686,东北证券,2011-11-04,2011-11-25,7.36126605634487,6.7,900,-598.94,-9.04,3,stop_loss
000892,欢瑞世纪,2011-11-04,2011-11-25,6.036029999999999,5.594399999999999,1100,-489.63,-7.37,3,approaching_failed
002140,东华科技,2011-11-25,2011-12-09,19.844069275508776,19.11,300,-223.73,-3.76,2,stop_loss
002361,神剑股份,2011-12-09,2011-12-16,1.993768802899627,1.78,3400,-730.66,-10.78,1,stop_loss
600684,珠江股份,2011-12-16,2012-01-06,2.03437756840509,1.91,3300,-414.35,-6.17,3,stop_loss
002074,国轩高科,2011-12-23,2012-01-13,7.642053595574676,6.39,800,-1005.01,-16.44,3,stop_loss
002218,拓日新能,2011-12-23,2012-06-22,5.085343374969385,4.13,1300,-1245.54,-18.84,24,stop_loss
600058,五矿发展,2012-01-06,2012-03-30,20.785352850652203,24.98044460333745,300,1254.41,20.12,11,take_profit
002141,贤丰控股,2012-01-06,2012-03-16,1.762766092567316,1.8580780196054103,3700,348.63,5.35,9,take_profit
601601,中国太保,2012-01-13,2012-06-22,13.12462831858407,14.207994504610436,500,537.58,8.19,21,breakout_failure
600021,上海电力,2012-01-20,2012-06-22,3.750208456489519,4.035232377726021,1700,480.57,7.54,20,breakout_failure
002347,泰尔股份,2012-01-20,2012-02-17,4.129862056368756,4.539969552753747,1600,652.01,9.87,3,take_profit
002445,中南文化,2012-01-20,2012-07-27,3.4152337853577364,2.84,1900,-1096.51,-16.9,25,stop_loss
600221,海航控股,2012-02-03,2012-03-30,2.149833043613707,2.07,3100,-251.41,-3.77,8,stop_loss
600186,莲花控股,2012-02-03,2012-03-23,3.2036797300771203,3.5934833455747337,2000,775.53,12.1,7,take_profit
000612,焦作万方,2012-02-03,2012-03-30,6.32312991698268,6.02,1000,-306.83,-4.85,8,stop_loss
000933,神火股份,2012-02-03,2012-03-30,7.964929111865364,7.65,800,-255.69,-4.01,8,stop_loss
600257,大湖股份,2012-02-24,2012-03-09,6.845344006723717,6.921164816625918,900,64.52,1.05,2,breakout_failure
300136,信维通信,2012-03-23,2012-03-30,2.874431690140845,2.85,2300,-60.14,-0.91,1,stop_loss
600490,鹏欣资源,2012-04-20,2012-05-11,4.096800124804991,3.83,1600,-430.69,-6.57,2,stop_loss
000539,粤电力Ａ,2012-04-27,2012-07-27,3.2955121731861894,4.133296304133911,2000,1671.11,25.35,12,take_profit
600498,烽火通信,2012-05-11,2012-06-15,12.346745911949682,11.36,500,-496.93,-8.05,5,stop_loss
000552,甘肃能化,2012-05-11,2013-01-25,3.3845584581703685,3.4870685632056677,2000,200.9,2.97,36,breakout_failure
002475,立讯精密,2012-05-25,2012-06-01,1.425012605507925,1.41,4700,-74.56,-1.11,1,stop_loss
002397,梦洁股份,2012-06-01,2012-06-08,3.8714839719662346,3.65,1700,-380.36,-5.78,1,stop_loss
002396,星网锐捷,2012-06-08,2012-08-17,7.518565422334703,8.33373095991323,800,648.33,10.78,10,breakout_failure
300182,捷成股份,2012-06-08,2013-06-07,2.1192230256293945,3.87669487088099,3200,5618.15,82.85,43,take_profit
002026,山东威达,2012-06-15,2012-09-28,5.772263174161643,5.27,1200,-606.69,-8.76,15,stop_loss
601888,中国中免,2012-06-15,2012-11-30,12.404765766543006,11.28,500,-565.94,-9.12,23,stop_loss
600778,友好集团,2012-06-22,2012-11-30,10.256204535315984,8.3,700,-1373.24,-19.13,22,stop_loss
300017,网宿科技,2012-06-29,2012-12-07,1.129097195702868,0.96,6200,-1052.29,-15.03,22,stop_loss
300199,翰宇药业,2012-06-29,2012-09-28,3.815798781512604,3.49,1800,-590.38,-8.6,13,stop_loss
000895,双汇发展,2012-06-29,2012-07-06,10.26067551483091,10.19,600,-46.09,-0.75,1,stop_loss
600172,黄河旋风,2012-07-13,2012-11-16,4.0835337078651675,3.48,1600,-969.28,-14.84,17,stop_loss
000663,永安林业,2012-08-10,2013-08-23,10.06005,7.36263,600,-1621.59,-26.87,52,max_hold
600487,亨通光电,2012-08-10,2013-01-25,2.9390092279318236,3.3400715648508195,2200,878.19,13.58,23,breakout_failure
002001,新和成,2012-08-24,2012-09-07,3.86537586814696,3.59,1700,-471.94,-7.18,2,stop_loss
600060,海信视像,2012-09-14,2012-11-23,6.912358211887997,5.8,900,-1004.55,-16.15,9,stop_loss
600982,宁波能源,2012-10-19,2012-10-26,2.998292782662032,2.95,2200,-110.17,-1.67,1,stop_loss
002375,亚厦股份,2012-10-19,2012-11-09,13.13732059957647,10.917149611239292,500,-1113.69,-16.95,3,approaching_failed
000753,漳州发展,2012-11-02,2012-11-30,2.3010715907347747,2.13,2800,-482.72,-7.49,4,stop_loss
000592,平潭发展,2012-11-30,2012-12-07,2.0787040784313726,1.99,3100,-278.77,-4.33,1,stop_loss
600309,万华化学,2012-12-07,2013-02-22,8.154597934574584,9.649704537478534,700,1042.84,18.27,10,take_profit
601333,广深铁路,2012-12-07,2013-01-25,2.099140149625935,2.3286131243320267,3100,707.25,10.87,7,take_profit
600094,大名城,2012-12-14,2013-01-11,6.007366945772092,6.148845538505768,1100,151.61,2.29,4,breakout_failure
600170,上海建工,2012-12-14,2013-12-20,1.7274533279618476,1.7450428404995484,3800,62.88,0.96,52,max_hold
600637,东方明珠,2012-12-14,2013-05-31,8.91094278432281,14.013071124815086,700,3566.68,57.18,23,take_profit
601866,中远海发,2012-12-14,2013-06-14,1.8868433121019108,1.72,3600,-604.53,-8.9,25,stop_loss
300234,开尔新材,2012-12-14,2013-05-24,2.572865678794992,5.184924647887324,2600,6785.3,101.43,22,take_profit
600191,华资实业,2013-01-18,2014-01-10,6.04270202739726,5.17,1200,-1051.28,-14.5,50,stop_loss
600617,国新能源,2013-02-08,2013-08-23,3.561619993424108,6.160352775042257,2000,5191.63,72.88,6,take_profit
000509,华塑控股,2013-03-01,2013-04-05,3.0144863936057784,2.61,2600,-1056.05,-13.47,5,stop_loss
300115,长盈精密,2013-03-15,2013-04-05,6.311794286756066,5.92,1200,-474.56,-6.27,3,stop_loss
600802,福建水泥,2013-03-29,2013-07-12,5.758733112582782,4.7,1300,-1380.43,-18.44,15,stop_loss
600176,中国巨石,2013-04-12,2013-05-03,1.956964480622536,1.68,3900,-1084.42,-14.21,3,stop_loss
000935,四川双马,2013-04-19,2013-06-28,6.369486199999999,5.81,1100,-619.45,-8.84,10,stop_loss
600313,农发种业,2013-05-10,2013-06-07,3.215106104360257,3.727733867047891,2300,1174.25,15.88,4,take_profit
600186,莲花控股,2013-05-31,2013-06-21,2.8251469665809763,2.4693680426000735,2600,-929.15,-12.65,3,approaching_failed
000995,皇台酒业,2013-06-07,2013-06-14,9.05905,8.92,800,-115.55,-1.59,1,stop_loss
000420,吉林化纤,2013-06-14,2013-06-21,1.7967949999999997,1.7,4100,-401.16,-5.45,1,stop_loss
000027,深圳能源,2013-06-14,2013-06-21,2.5421716275743242,2.44,2900,-300.63,-4.08,1,stop_loss
600101,明星电力,2013-06-21,2013-07-12,5.349050220734833,4.77,1300,-756.71,-10.88,3,stop_loss
300303,聚飞光电,2013-07-19,2013-08-16,3.054047607958988,3.327662142670953,2400,652.08,8.9,4,breakout_failure
000400,许继电气,2013-07-19,2013-08-30,18.649416925584728,19.094873762009435,300,130.24,2.33,6,breakout_failure
600173,卧龙新能,2013-07-26,2013-08-02,2.4854898040783686,2.38,2900,-310.15,-4.3,1,stop_loss
000758,中色股份,2013-07-26,2013-08-16,6.095508079313059,6.5959693466539795,1200,595.98,8.15,3,breakout_failure
600183,生益科技,2013-07-26,2014-07-11,2.4389323155216283,3.045820632497273,3000,1815.73,24.82,50,take_profit
600111,北方稀土,2013-07-26,2013-09-20,14.837357704576975,18.12711875421042,500,1639.94,22.11,8,take_profit
000700,模塑科技,2013-07-26,2013-08-30,2.4706272402672194,2.6955104551288382,3100,692.33,9.04,5,take_profit
600449,宁夏建材,2013-08-09,2013-09-20,5.167682620153653,5.773272226192604,1500,903.46,11.66,6,take_profit
000637,茂化实华,2013-08-23,2014-08-22,3.7181424038906896,4.936796913501621,2100,2553.72,32.71,52,max_hold
000792,盐湖股份,2013-08-23,2013-10-25,11.152995565205588,10.94,700,-153.74,-1.97,9,stop_loss
002498,汉缆股份,2013-08-30,2013-09-06,1.691793331344352,1.69,4800,-13.48,-0.17,1,stop_loss
600176,中国巨石,2013-08-30,2013-10-25,1.762608643833512,1.61,4600,-706.65,-8.72,8,stop_loss
600649,城投控股,2013-09-06,2013-12-20,6.045685218969031,6.897857379330914,1300,1102.78,14.03,15,take_profit
000581,威孚高科,2013-09-06,2013-10-18,13.84285764881587,15.46044227498552,500,804.4,11.62,6,take_profit
000061,农产品,2013-09-13,2014-05-09,6.784938949297601,8.949843526719164,1200,2592.22,31.84,33,take_profit
300187,永清环保,2013-09-27,2014-10-24,7.25569400806188,9.430858208955224,1100,2387.17,29.91,52,take_profit
000544,中原环保,2013-10-04,2014-01-10,5.7855389950287535,5.36,1500,-643.32,-7.41,14,stop_loss
002011,盾安环境,2013-10-25,2013-11-01,10.087638851612901,8.84,800,-1002.65,-12.42,1,stop_loss
600309,万华化学,2013-11-01,2013-12-20,10.429410236349428,11.597950869874456,800,929.55,11.14,7,take_profit
000902,新洋丰,2013-11-01,2013-11-15,3.884666514432781,3.66,2200,-499.25,-5.84,2,stop_loss
000692,惠天热电,2013-11-08,2014-03-14,3.697685788351107,3.25,2300,-1034.47,-12.16,18,stop_loss
000768,中航西飞,2013-11-22,2014-01-17,9.606736247634307,8.29,800,-1057.68,-13.76,8,stop_loss
002239,奥特佳,2013-12-27,2014-05-02,2.076335475947674,1.68,4000,-1589.85,-19.14,16,stop_loss
002702,海欣食品,2013-12-27,2014-01-31,3.5493437722419925,3.7214322474678343,2300,390.79,4.79,5,breakout_failure
002249,大洋电机,2013-12-27,2014-01-10,4.201997895743664,3.58,1900,-1186.23,-14.86,2,stop_loss
002177,御银股份,2014-01-17,2014-05-02,6.11227960902323,5.04,1300,-1398.31,-17.6,15,stop_loss
002202,金风科技,2014-01-17,2014-09-19,5.087692703310832,6.581479363548698,1500,2235.43,29.29,35,take_profit
300254,仟源医药,2014-01-17,2014-03-14,10.353658823529411,13.188135561497326,700,1979.19,27.31,8,take_profit
600637,东方明珠,2014-01-24,2014-02-14,24.97940219936906,26.23031747197319,300,370.67,4.95,3,approaching_failed
000685,中山公用,2014-02-07,2014-03-14,4.618801869960542,4.29,1800,-596.65,-7.18,5,stop_loss
600262,北方股份,2014-02-21,2014-04-25,12.90430485436893,11.83,600,-649.04,-8.38,9,stop_loss
000545,金浦钛业,2014-03-21,2014-05-02,3.669253307017544,3.19,2200,-1058.88,-13.12,6,stop_loss
002309,中利集团,2014-03-21,2014-04-11,19.35483390774125,18.326088229056204,400,-416.02,-5.37,3,approaching_failed
002544,普天科技,2014-03-21,2014-04-25,8.727753018797461,7.65,900,-974.4,-12.4,5,stop_loss
600262,北方股份,2014-04-18,2014-04-25,13.131173786407764,11.89,600,-749.21,-9.51,1,stop_loss
600742,富维股份,2014-05-02,2014-12-19,4.054874374217637,6.3077136491317125,1900,4274.49,55.48,33,take_profit
002635,安洁科技,2014-05-02,2014-06-06,10.32241952311135,10.307688783856776,800,-16.74,-0.2,5,breakout_failure
002388,新亚制程,2014-05-09,2014-09-26,5.259771230888831,7.957699015288934,1600,4310.34,51.22,20,take_profit
601199,江南水务,2014-05-09,2014-05-16,3.1669754393011345,3.04,2700,-347.86,-4.07,1,stop_loss
600640,国脉文化,2014-05-16,2015-05-15,16.776169472867124,26.581361357702356,500,4896.09,58.37,52,max_hold
002472,双环传动,2014-05-16,2014-11-07,4.307303913738019,6.764550753080786,2100,5153.24,56.97,25,take_profit
600026,中远海能,2014-05-23,2014-06-13,3.4738569927115237,3.4333383384387877,2700,-115.0,-1.23,3,approaching_failed
600573,惠泉啤酒,2014-05-23,2014-08-29,6.592464221678892,7.392141098021784,1400,1113.67,12.07,14,breakout_failure
000657,中钨高新,2014-06-13,2014-06-27,5.974053817810683,6.140091307431497,1600,259.85,2.72,2,breakout_failure
600273,嘉化能源,2014-06-20,2014-07-11,5.650562906695347,5.992128609841356,1700,574.72,5.98,3,breakout_failure
000727,冠捷科技,2014-07-04,2014-08-29,2.672195701863354,3.6806617054126,3600,3623.62,37.67,8,take_profit
002455,百川股份,2014-07-18,2014-10-17,3.38877641173611,4.5535500635104835,3000,3487.17,34.3,13,take_profit
601992,金隅集团,2014-07-18,2014-12-26,2.357500192626266,3.7845731594560235,4400,6271.01,60.46,23,take_profit
300088,长信科技,2014-08-29,2014-09-19,3.9134624371592426,3.78,2800,-380.16,-3.47,3,stop_loss
002195,岩山科技,2014-09-05,2015-04-17,2.9905402953586497,8.978225010878166,3600,21542.74,200.1,31,take_profit
002054,德美化工,2014-09-05,2015-06-19,5.685428742732558,12.280579444320214,2200,14497.47,115.91,41,take_profit
000049,德赛电池,2014-10-03,2014-10-24,21.706107455354317,20.49,600,-737.26,-5.66,3,stop_loss
600159,大龙地产,2014-10-10,2014-12-05,3.6546909478127394,3.8270631964696857,3800,646.49,4.66,8,breakout_failure
601998,中信银行,2014-10-10,2014-12-12,2.8368019282271018,3.8673660417782534,5000,5142.76,36.26,9,take_profit
600259,中稀有色,2014-10-31,2015-06-12,47.350789759665616,67.73253214591051,300,6104.17,42.97,28,take_profit
300071,福石控股,2014-10-31,2016-12-16,9.383043930817609,10.049072943396224,1600,1056.32,7.04,52,max_hold
002602,世纪华通,2014-11-07,2014-11-28,3.896764213828663,3.832756147108156,3900,-258.67,-1.7,3,breakout_failure
600312,平高电气,2014-11-14,2015-02-06,11.822388320830262,14.607602887992716,1200,3332.74,23.49,12,take_profit
600714,金瑞矿业,2014-12-05,2015-04-10,10.925489563862927,14.178645761014687,1400,4543.87,29.71,4,take_profit
000960,锡业股份,2014-12-12,2015-06-12,17.353556166518256,25.870141362422086,900,7653.26,49.0,26,take_profit
002391,长青股份,2014-12-19,2015-04-17,8.769633429241592,10.267898523846755,1900,2835.85,17.02,17,take_profit
000061,农产品,2015-01-02,2015-06-19,11.977240007716725,20.676487963661238,1400,12165.23,72.55,24,take_profit
002092,中泰化学,2015-01-16,2015-05-01,7.804742025171625,9.741038684210526,2300,4441.38,24.74,15,take_profit
000975,山金国际,2015-02-13,2015-06-19,7.312311529388635,8.932438608217026,2500,4038.13,22.09,18,take_profit
601601,中国太保,2015-04-17,2015-05-08,25.2881628318584,24.017248394083786,700,-899.99,-5.08,3,approaching_failed
600234,科新发展,2015-05-15,2015-07-03,17.63762,18.401580000000003,1000,753.15,4.27,7,take_profit
000059,华锦股份,2015-05-22,2015-07-03,9.775032108486437,7.94,1900,-3496.66,-18.83,6,stop_loss
002240,盛新锂能,2015-05-22,2015-06-26,18.061986594982077,14.45,1000,-3621.74,-20.05,5,stop_loss
600761,XD安徽合,2015-05-22,2015-06-19,10.551559868718112,10.536263807848607,1700,-36.76,-0.2,4,take_profit
300226,上海钢联,2015-05-22,2015-05-29,64.27378520671833,61.55,200,-552.31,-4.3,1,stop_loss
600617,国新能源,2015-06-05,2015-06-19,15.278169290904998,15.535334864515882,1100,272.71,1.62,2,breakout_failure
600785,新华百货,2015-07-24,2016-01-01,25.684938996005222,28.501457376080225,700,1960.18,10.9,12,breakout_failure
600750,华润江中,2015-07-31,2016-01-08,14.361657262254242,10.75,1200,-4343.03,-25.2,23,stop_loss
000738,航发控制,2015-08-07,2015-08-21,34.46077329459048,29.02,500,-2729.91,-15.84,2,stop_loss
000048,京基智农,2015-08-07,2016-01-01,16.390033866569887,21.046490996115967,1000,4645.23,28.34,9,take_profit
300136,信维通信,2015-08-07,2016-12-16,18.921665492957743,26.339263508938245,900,6663.62,39.13,52,max_hold
002565,顺灏股份,2015-08-07,2015-08-28,6.9776689453010485,5.45,2600,-3981.63,-21.95,3,stop_loss
000930,中粮科技,2015-08-07,2015-08-21,16.92143652064292,19.141696375669714,1000,2209.44,13.06,2,breakout_failure
601918,新集能源,2015-08-07,2015-08-21,13.174580859071627,12.751737558993968,1400,-602.87,-3.27,2,breakout_failure
002465,海格通信,2015-08-14,2015-08-21,16.371144624333493,14.49,1100,-2079.44,-11.55,1,stop_loss
600522,中天科技,2015-08-14,2015-08-28,9.512370502420298,7.07,1900,-4649.96,-25.73,2,stop_loss
600970,中材国际,2015-08-28,2015-09-04,7.926670787680603,7.33,2200,-1322.75,-7.59,1,stop_loss
300227,光韵达,2015-08-28,2015-09-18,12.831181636726546,10.218934131736528,1300,-3404.91,-20.41,3,approaching_failed
000875,电投绿能,2015-08-28,2015-09-04,12.859786672923509,10.86,1300,-2608.97,-15.61,1,stop_loss
600838,上海九百,2015-08-28,2015-09-11,14.698326025788843,11.77,1100,-3229.89,-19.98,2,stop_loss
600278,东方创业,2015-09-25,2015-10-02,13.251565674704976,12.95,1200,-371.31,-2.34,1,stop_loss
600676,交运股份,2015-09-25,2015-10-02,12.342690759878419,11.58,1300,-1000.83,-6.24,1,stop_loss
600871,石化油服,2015-10-02,2015-10-23,9.619609999999998,9.16,1700,-790.91,-4.84,3,stop_loss
002074,国轩高科,2015-10-09,2017-02-24,26.86565258143823,26.459393039336202,600,-253.35,-1.57,52,max_hold
300171,东富龙,2015-10-09,2017-01-20,19.902185655923745,12.97,800,-5553.64,-34.88,48,stop_loss
300285,国瓷材料,2015-10-09,2015-11-13,10.771101912482292,12.570949443569967,1500,2689.27,16.64,5,breakout_failure
300327,中颖电子,2015-10-09,2015-12-04,8.639992326606205,14.100752931408865,1900,10362.48,63.12,8,take_profit
600114,东睦股份,2015-10-16,2016-01-01,7.653612836815015,8.74187434799533,2200,2383.35,14.15,11,breakout_failure
000852,石化机械,2015-10-30,2015-11-06,10.933134294579304,10.25,1600,-1103.18,-6.31,1,stop_loss
600408,安泰集团,2015-11-20,2016-01-15,4.36436,4.02,4000,-1387.5,-7.95,8,stop_loss
600724,宁波富达,2015-11-20,2015-12-11,5.246622118718625,4.960944533069399,3300,-952.84,-5.5,3,approaching_failed
600186,莲花控股,2015-12-18,2016-01-08,7.838397956298199,7.19,2200,-1436.39,-8.33,3,stop_loss
600867,通化东宝,2015-12-18,2017-05-05,12.564471684014823,11.80138219585921,1300,-1001.52,-6.13,52,max_hold
002613,北玻股份,2016-02-19,2016-02-26,5.596513734939758,4.67,3000,-2788.78,-16.61,1,stop_loss
002416,爱施德,2016-02-19,2017-04-28,10.896503378378377,5.87,1500,-7547.3,-46.18,44,stop_loss
002141,贤丰控股,2016-03-04,2017-12-29,7.943698264052612,7.90209,2000,-92.72,-0.58,52,max_hold
000952,广济药业,2016-03-04,2016-03-25,17.53777726635514,17.616127920560746,900,61.02,0.39,3,approaching_failed
600259,中稀有色,2016-03-11,2016-03-18,35.5580645768025,34.32,400,-503.61,-3.54,1,stop_loss
600366,宁波韵升,2016-03-11,2016-08-26,8.944065572247798,11.381284812212263,1800,4376.02,27.18,7,take_profit
002272,川润股份,2016-03-11,2017-04-28,9.21912144636262,6.75,1700,-4205.65,-26.83,41,stop_loss
000691,亚太实业,2016-03-25,2017-05-12,9.769759999999998,6.9,1600,-4599.62,-29.43,41,stop_loss
000049,德赛电池,2016-04-01,2016-08-12,21.057343207742093,20.51,700,-391.87,-2.66,2,stop_loss
000973,佛塑科技,2016-08-19,2016-09-09,8.97318529171109,8.666076680469118,1700,-531.08,-3.48,3,approaching_failed
300405,科隆股份,2016-09-02,2016-09-16,11.9742276459854,11.71,1300,-352.73,-2.27,2,stop_loss
600346,XD恒力石,2016-09-16,2016-10-14,4.313083813559321,4.123938189522342,3600,-690.04,-4.44,3,approaching_failed
000420,吉林化纤,2016-09-23,2017-05-12,3.9589549999999996,3.3,3900,-2578.42,-16.7,32,stop_loss
000933,神火股份,2016-10-21,2017-09-08,3.844390941875265,10.203392544451729,3900,24783.67,165.3,46,take_profit
002558,巨人网络,2016-12-23,2017-12-29,47.565245109876834,32.87227801804571,300,-4415.13,-30.94,52,max_hold
000637,茂化实华,2017-01-06,2017-04-28,7.309495338119499,6.26,2300,-2423.2,-14.41,16,stop_loss
600456,宝钛股份,2017-01-27,2017-03-10,17.713854264156165,20.593479772947525,900,2581.32,16.19,6,take_profit
600105,永鼎股份,2017-03-03,2017-03-24,7.06136885961579,6.767329337555415,2400,-715.65,-4.22,3,approaching_failed
600640,国脉文化,2017-03-17,2017-03-24,19.448248239362073,19.17,800,-231.87,-1.49,1,stop_loss
600188,兖矿能源,2017-03-31,2017-05-12,3.080722078780492,2.89,5500,-1058.82,-6.25,6,stop_loss
603399,永杉锂业,2017-03-31,2017-04-07,9.8033421549966,9.68,1700,-219.62,-1.32,1,stop_loss
002339,积成电子,2017-04-14,2017-04-28,14.799012998266898,12.54,1100,-2493.94,-15.32,2,stop_loss
002643,万润股份,2017-05-05,2017-07-21,12.926143456745766,11.14,1200,-2152.04,-13.87,11,stop_loss
002624,完美世界,2017-05-05,2018-05-11,16.812636796513505,19.763319770257183,900,2645.74,17.49,52,max_hold
002145,钛能化学,2017-05-19,2017-05-26,3.915468729456107,3.77,4200,-620.65,-3.77,1,stop_loss
601799,星宇股份,2017-05-19,2017-06-16,37.21219551382368,38.564571428571426,400,531.86,3.57,4,breakout_failure
002671,龙泉股份,2017-05-19,2017-05-26,11.717116656027496,10.76,1400,-1349.4,-8.23,1,stop_loss
000788,北大医药,2017-05-26,2017-06-16,11.179496440481001,10.430954117825383,1400,-1057.04,-6.75,3,approaching_failed
002448,中原内配,2017-06-02,2017-11-24,8.755050238983827,8.13,1800,-1134.21,-7.2,24,stop_loss
300082,奥克股份,2017-06-02,2017-06-23,6.33287114213198,5.92,2600,-1083.02,-6.58,3,stop_loss
300217,东方电热,2017-06-02,2017-07-14,3.716826340456604,3.36,4400,-1579.38,-9.66,6,stop_loss
002001,新和成,2017-06-09,2017-12-08,5.7604256106214935,11.726117243905229,2800,16689.25,103.47,25,take_profit
600258,首旅酒店,2017-06-23,2017-06-30,18.235788550122344,17.82,900,-383.94,-2.34,1,stop_loss
000912,泸天化,2017-06-23,2017-11-24,9.11911,6.4,1900,-5175.15,-29.87,21,stop_loss
600230,沧州大化,2017-06-30,2017-08-11,19.880418467514122,29.053403389830514,800,7326.64,46.07,6,take_profit
600262,北方股份,2017-07-07,2017-07-21,25.442142233009708,24.4,700,-739.97,-4.15,2,stop_loss
601808,中海油服,2017-07-28,2017-12-08,10.310193814769482,9.55,1700,-1302.46,-7.43,18,stop_loss
300185,通裕重工,2017-07-28,2017-11-17,2.473438565662422,2.26,7100,-1525.5,-8.69,15,stop_loss
002408,齐翔腾达,2017-08-04,2017-12-15,7.673409770268965,8.590588231510566,2200,2007.06,11.89,18,breakout_failure
000599,青岛双星,2017-08-18,2017-11-03,6.7842805630354945,6.11,2600,-1763.19,-10.0,10,stop_loss
600135,乐凯胶片,2017-09-15,2017-10-13,16.017873860977286,14.739712154163797,1000,-1287.39,-8.04,3,approaching_failed
002430,杭氧股份,2017-10-27,2018-10-12,11.293736507220213,9.45,1500,-2774.94,-16.38,49,stop_loss
600346,XD恒力石,2017-11-10,2018-02-09,5.919823342749528,7.869657134052388,2900,5642.52,32.87,13,take_profit
600188,兖矿能源,2017-11-24,2018-02-09,3.6762646644496306,4.123451789808522,4800,2135.27,12.1,11,take_profit
000062,深圳华强,2017-12-01,2018-01-19,14.778740099890364,13.45,1200,-1604.65,-9.05,7,stop_loss
002346,柘中股份,2017-12-01,2017-12-29,20.38483598265896,17.16,800,-2588.88,-15.88,4,stop_loss
000968,蓝焰控股,2017-12-15,2018-01-19,15.49046490520371,14.02,1100,-1627.25,-9.55,5,stop_loss
600575,淮河能源,2017-12-15,2018-01-19,3.798713555742798,3.68,4500,-544.31,-3.18,4,stop_loss
000733,振华科技,2017-12-22,2017-12-29,15.042159552116205,14.43,1100,-683.1,-4.13,1,stop_loss
000933,神火股份,2018-01-05,2018-01-26,8.214738332626219,7.67189833956879,2100,-1149.97,-6.67,3,approaching_failed
600111,北方稀土,2018-01-05,2018-01-26,14.148447766990293,13.724466669308502,1200,-518.81,-3.06,3,approaching_failed
601088,中国神华,2018-01-05,2018-02-09,13.495716871508376,13.827387821229049,1200,388.17,2.4,5,take_profit
002165,红宝丽,2018-01-05,2018-01-26,5.68064265027594,5.42437926962661,3000,-778.78,-4.57,3,approaching_failed
600776,东方通信,2018-01-26,2018-02-02,7.620456540275574,6.58,2200,-2298.38,-13.71,1,stop_loss
300410,正业科技,2018-01-26,2018-03-02,19.25387764585883,17.062750850673194,800,-1761.62,-11.44,3,approaching_failed
002603,以岭药业,2018-01-26,2018-02-02,10.042621474101702,9.91,1600,-221.77,-1.38,1,stop_loss
002522,浙江众成,2018-02-02,2018-02-09,8.505711657389158,8.31,1900,-381.44,-2.36,1,stop_loss
002028,思源电气,2018-02-23,2018-09-14,15.108678155380261,13.57,1100,-1702.01,-10.24,29,stop_loss
601678,滨化股份,2018-02-23,2018-06-22,5.900209830508474,5.26,2800,-1801.96,-10.91,17,stop_loss
000636,风华高科,2018-03-02,2018-08-03,11.724772300130113,16.945336830106424,1300,6775.55,44.45,22,take_profit
603058,永吉股份,2018-03-02,2018-06-01,15.062524717093506,11.72,1100,-3685.62,-22.24,13,stop_loss
002475,立讯精密,2018-03-02,2018-04-27,10.97316791692776,9.24,1500,-2608.85,-15.85,8,stop_loss
000683,博源化工,2018-03-09,2018-03-23,2.5206802955037566,2.3,6500,-1443.82,-8.81,2,stop_loss
603638,艾迪精密,2018-03-09,2018-06-01,7.031992656312901,8.863196071784223,2300,4200.8,25.97,12,take_profit
002050,三花智控,2018-03-09,2018-03-30,10.937690777935485,9.07,1500,-2810.54,-17.13,3,stop_loss
002008,大族激光,2018-03-09,2018-03-30,55.200284346060116,50.99716831105532,200,-847.0,-7.67,3,approaching_failed
601877,正泰电器,2018-03-30,2018-06-08,22.034865360618916,18.98,700,-2147.02,-13.92,10,stop_loss
601808,中海油服,2018-04-06,2018-05-04,10.411184137086904,9.44,1500,-1465.71,-9.39,4,stop_loss
603515,欧普照明,2018-04-06,2018-08-10,30.109195138121542,24.75,500,-2687.83,-17.85,18,stop_loss
000729,燕京啤酒,2018-05-11,2018-06-22,7.549265821474773,6.36,2000,-2386.88,-15.81,6,stop_loss
600426,华鲁恒升,2018-05-11,2018-05-25,12.18747283546834,13.148870461978742,1200,1144.56,7.83,2,breakout_failure
000830,鲁西化工,2018-05-18,2018-06-08,14.297260417970213,13.301441617273978,1000,-1004.1,-7.02,3,approaching_failed
600885,宏发股份,2018-06-01,2018-06-08,13.688017792354453,13.22,1100,-523.7,-3.48,1,stop_loss
000987,越秀资本,2018-06-08,2018-06-15,4.514050250040329,4.11,3400,-1382.57,-9.01,1,stop_loss
600392,盛和资源,2018-06-15,2018-07-06,12.166239704006124,10.68,1200,-1791.71,-12.27,3,stop_loss
002829,星网宇达,2018-06-15,2018-08-03,24.24740946078431,19.32,600,-2964.29,-20.38,7,stop_loss
601155,新城控股,2018-06-22,2018-07-13,29.957642905063288,25.04340620886076,400,-1972.29,-16.46,3,approaching_failed
001979,招商蛇口,2018-06-22,2018-06-29,17.66661908906295,15.36,800,-1853.22,-13.11,1,stop_loss
000831,中国稀土,2018-06-29,2018-08-10,11.541636939130433,10.01,1200,-1845.72,-13.33,6,stop_loss
600313,农发种业,2018-06-29,2018-09-21,3.0130099999999995,2.62,4700,-1855.09,-13.1,12,stop_loss
300170,汉得信息,2018-07-13,2018-08-03,15.713159329957147,12.95,900,-2494.58,-17.64,3,stop_loss
300469,信息发展,2018-07-13,2018-10-12,12.973923877683799,9.91,1000,-3070.79,-23.67,12,stop_loss
300476,胜宏科技,2018-07-13,2018-08-03,15.393186458081658,13.314106728678423,800,-1670.15,-13.56,3,approaching_failed
000892,欢瑞世纪,2018-07-20,2018-08-03,5.24524,5.11,2500,-345.87,-2.64,2,stop_loss
000722,湖南发展,2018-08-10,2018-08-24,5.729570896835425,5.38,2300,-811.68,-6.16,2,stop_loss
600376,首开股份,2018-08-10,2018-09-28,5.5295599990585576,5.725555664658257,2400,462.29,3.48,7,breakout_failure
600725,云维股份,2018-08-10,2018-10-12,2.3022999999999993,2.2,5800,-601.17,-4.5,8,stop_loss
600748,上实发展,2018-08-10,2018-08-17,4.391924960375696,4.17,3000,-673.48,-5.11,1,stop_loss
603585,苏利股份,2018-08-10,2018-08-17,19.014958214000657,18.54,700,-340.36,-2.56,1,stop_loss
002647,仁东控股,2018-08-17,2018-08-24,15.674829051552265,15.14,800,-435.26,-3.47,1,stop_loss
600130,波导股份,2018-08-24,2018-10-12,3.1929252686121705,3.06,4100,-552.68,-4.22,6,stop_loss
603699,纽威股份,2018-08-24,2018-09-07,10.116392,9.71,1300,-536.04,-4.08,2,stop_loss
603519,立霸股份,2018-08-24,2018-09-07,4.415125070063693,4.32,3000,-293.24,-2.21,2,stop_loss
601100,恒立液压,2018-08-31,2018-09-14,14.58330929047432,12.78,900,-1630.37,-12.42,2,stop_loss
300132,青松股份,2018-08-31,2018-12-28,12.747298431885003,10.04,1000,-2714.13,-21.29,14,stop_loss
000792,盐湖股份,2018-09-14,2018-09-28,8.858849999999999,9.07092,1400,289.37,2.33,2,breakout_failure
601113,华鼎股份,2018-09-14,2018-09-21,6.825217076051016,6.71,1800,-214.7,-1.75,1,stop_loss
600098,广州发展,2018-09-21,2018-10-12,5.273997763697354,4.95,2400,-784.96,-6.2,2,stop_loss
300128,锦富技术,2018-09-21,2018-10-12,3.6136099999999995,3.31,3500,-1069.9,-8.46,2,stop_loss
600176,中国巨石,2018-09-28,2018-10-19,7.749734005529103,6.64,1600,-1782.48,-14.38,2,stop_loss
300416,苏试试验,2018-09-28,2018-10-12,5.52398562355248,5.23,2200,-653.87,-5.38,1,stop_loss
000731,四川美丰,2018-10-12,2018-10-19,5.054246494615874,4.47,2400,-1409.05,-11.62,1,stop_loss
000035,中国天楹,2018-10-12,2018-10-19,4.22150269268046,4.0,2900,-649.51,-5.31,1,stop_loss
300444,双杰电气,2018-11-02,2018-11-23,7.328886041302579,7.0,1600,-533.1,-4.55,3,stop_loss
300192,科德教育,2018-11-02,2019-02-01,8.393801255063943,7.27,1400,-1579.9,-13.44,13,stop_loss
300448,浩云科技,2018-11-02,2018-11-30,5.459867333485458,6.051211816383965,2200,1293.36,10.77,4,take_profit
300635,中达安,2018-11-02,2018-11-23,11.981102038043476,11.580404051383399,1000,-407.77,-3.4,3,breakout_failure
603978,深圳新星,2018-11-02,2018-11-23,23.46346979166666,22.28,500,-598.6,-5.1,3,stop_loss
600498,烽火通信,2018-11-09,2019-03-01,27.901971661117276,30.75060437609006,400,1132.41,10.15,15,breakout_failure
002356,赫美集团,2018-11-09,2018-12-28,9.299289999999997,7.46,1300,-2397.61,-19.83,7,stop_loss
300136,信维通信,2018-11-09,2018-11-23,25.848547535211267,24.66,400,-481.48,-4.66,2,stop_loss
300371,汇中股份,2018-11-09,2018-11-23,6.926633678021932,7.003611485218697,1700,123.76,1.05,2,breakout_failure
603730,岱美股份,2018-11-09,2018-11-16,2.777628971906394,2.76,4300,-82.95,-0.69,1,stop_loss
600094,大名城,2018-11-23,2018-11-30,3.7767992237754697,3.73,3100,-152.06,-1.3,1,stop_loss
600098,广州发展,2018-11-30,2019-03-08,4.515860585165859,5.016735603801714,2600,1294.84,11.03,13,take_profit
000631,顺发恒能,2018-11-30,2018-12-21,2.5553572698757687,2.45,4700,-502.24,-4.18,3,stop_loss
600761,XD安徽合,2018-11-30,2018-12-14,7.231051354939582,6.94,1600,-472.48,-4.08,2,stop_loss
601669,中国电建,2018-11-30,2018-12-21,4.104628841431653,4.226887268397946,2900,347.3,2.92,3,breakout_failure
002848,高斯贝尔,2018-11-30,2019-02-01,10.690679999999999,12.76722,1100,2276.45,19.36,9,breakout_failure
603788,宁波高发,2018-12-07,2018-12-21,10.919752603996065,10.3,1100,-688.73,-5.73,2,stop_loss
002628,成都路桥,2018-12-14,2019-12-20,5.161744116879728,4.477782280198277,2300,-1579.76,-13.31,52,max_hold
000544,中原环保,2019-01-11,2019-02-01,4.223021805244175,3.89,2800,-939.28,-7.94,3,stop_loss
000709,河钢股份,2019-01-11,2019-08-02,2.569528261286052,2.39,4600,-832.67,-7.04,28,stop_loss
601588,北辰实业,2019-01-11,2019-05-24,2.6071612833230002,3.3148157780533167,4500,3176.45,27.07,18,take_profit
300445,康斯特,2019-01-11,2019-02-01,8.35252344258095,7.63,1400,-1018.25,-8.71,3,stop_loss
002319,乐通股份,2019-01-11,2019-02-01,15.865849999999998,14.8,700,-752.53,-6.78,3,stop_loss
603333,尚纬股份,2019-01-11,2019-05-10,5.2032498733684,8.33020292226768,2300,7182.65,60.02,16,take_profit
000617,中油资本,2019-02-15,2020-02-07,6.460517605757416,5.77,1900,-1318.95,-10.75,50,stop_loss
600210,紫江企业,2019-02-15,2020-02-21,2.7312053781309484,3.1943278294105206,4500,2076.05,16.89,52,max_hold
000935,四川双马,2019-02-15,2019-03-29,14.551891199999998,17.664410215384617,800,2482.28,21.32,6,breakout_failure
002239,奥特佳,2019-02-15,2019-07-12,2.1427812318387667,1.87,6000,-1643.91,-12.79,21,stop_loss
002803,吉宏股份,2019-02-15,2020-02-21,8.218306131494703,22.581951280164983,1500,21531.61,174.66,52,max_hold
000995,皇台酒业,2019-03-15,2019-04-26,4.42442,7.46253,3300,10013.99,68.59,6,take_profit
002370,亚太药业,2019-03-15,2019-04-19,12.469964589235126,18.368893172804533,1200,7067.61,47.23,5,take_profit
600584,长电科技,2019-05-31,2020-02-28,14.50695118707094,25.97996268940013,1100,12606.95,79.0,38,take_profit
600667,太极实业,2019-05-31,2020-03-27,7.0677371546604695,9.60998627365276,2400,6089.39,35.9,42,take_profit
002079,苏州固锝,2019-05-31,2020-02-28,7.995452991726287,11.510319758783323,2200,7719.83,43.89,38,take_profit
002169,智光电气,2019-05-31,2020-03-13,5.616789936184258,8.97635708648133,3300,11072.12,59.73,40,take_profit
002428,云南锗业,2019-05-31,2020-02-28,8.437352348120937,10.280790203447301,2300,4226.99,21.78,38,take_profit
600094,大名城,2019-07-19,2019-08-09,7.847707622093648,6.843234365903618,2500,-2522.2,-12.86,3,approaching_failed
603881,数据港,2019-08-09,2020-07-17,10.995734806169237,30.788272196748647,1800,35604.0,179.89,48,take_profit
600784,鲁银投资,2019-08-16,2019-09-06,5.024267541386635,4.947245069011129,4500,-360.06,-1.59,3,approaching_failed
600278,东方创业,2019-09-13,2019-10-04,11.246638173422264,10.470440918419701,2000,-1565.42,-6.96,3,approaching_failed
000061,农产品,2019-10-11,2019-11-15,4.9950556577632,4.78,4500,-980.95,-4.36,5,stop_loss
000768,中航西飞,2019-11-22,2020-02-07,15.241078372635759,14.4,1400,-1189.96,-5.58,10,stop_loss
600131,国网信通,2019-12-27,2020-01-10,18.919317683715676,18.42,1100,-561.57,-2.7,2,stop_loss
000792,盐湖股份,2020-01-17,2020-02-14,8.81821162776496,8.800592823313883,2500,-57.26,-0.26,3,approaching_failed
300726,宏达电子,2020-02-14,2020-09-11,26.063612662612858,38.0790304477612,800,9596.94,46.03,30,take_profit
000723,美锦能源,2020-02-21,2020-05-01,8.752903807483492,6.21,2600,-6623.22,-29.1,10,stop_loss
600547,山东黄金,2020-02-21,2020-03-20,25.86068155422841,19.95,800,-4739.54,-22.91,4,stop_loss
000738,航发控制,2020-02-28,2020-03-20,12.638278487942646,14.695733831197046,1700,3483.73,16.21,3,breakout_failure
000723,美锦能源,2020-03-06,2020-03-13,8.427992867498165,7.93,2600,-1307.54,-5.97,1,stop_loss
000731,四川美丰,2020-03-06,2020-03-13,4.417980303933676,4.16,5100,-1328.82,-5.9,1,stop_loss
000715,中兴商业,2020-03-06,2020-03-13,4.375410155845309,4.23,5100,-754.76,-3.38,1,stop_loss
600191,华资实业,2020-03-06,2020-03-20,5.267283156164383,4.9,4200,-1555.4,-7.03,2,stop_loss
000737,北方铜业,2020-03-20,2020-04-03,2.6567356482504105,2.5,8300,-1313.75,-5.96,2,stop_loss
000893,亚钾国际,2020-03-20,2021-03-19,5.821238994509264,11.471432076674184,3800,21451.02,96.97,52,max_hold
600665,天地源,2020-03-20,2021-01-08,2.895327820627802,2.74,8300,-1303.25,-5.42,42,stop_loss
600725,云维股份,2020-03-20,2020-05-22,2.29229,2.18,10400,-1181.77,-4.96,9,stop_loss
600234,科新发展,2020-03-27,2020-06-12,9.619609999999998,8.77,2400,-2052.3,-8.89,11,stop_loss
600573,惠泉啤酒,2020-03-27,2020-04-17,5.89032987775061,5.878560986885974,4000,-61.2,-0.26,3,breakout_failure
601100,恒立液压,2020-04-03,2020-10-23,38.71150701685614,65.58769967379739,600,16106.94,69.35,29,take_profit
002041,登海种业,2020-04-03,2020-08-28,10.769749778332129,20.267403578415284,2300,21823.19,88.1,21,take_profit
000048,京基智农,2020-04-10,2020-05-01,14.055667916061829,14.897235347502845,1900,1582.47,5.93,3,breakout_failure
600761,XD安徽合,2020-04-24,2020-05-01,7.6261987409608905,7.51,3500,-422.59,-1.58,1,stop_loss
000062,深圳华强,2020-05-08,2020-05-29,10.9963433797052,10.542102357778049,2400,-1105.69,-4.19,3,approaching_failed
000722,湖南发展,2020-05-08,2020-07-17,5.663589684038359,6.174548832057096,4700,2384.82,8.96,10,breakout_failure
600233,圆通速递,2020-05-08,2020-05-22,11.337425585402938,11.2,2400,-346.05,-1.27,2,stop_loss
000881,中广核技,2020-05-29,2020-07-17,7.057947641302177,9.581533301378071,3800,9570.66,35.68,7,breakout_failure
600179,安通控股,2020-05-29,2020-08-28,3.7689686918604646,4.586891075581396,7400,6034.08,21.63,13,take_profit
000537,绿发电力,2020-06-05,2020-07-17,5.880990638000777,6.415280113435156,4800,2546.88,9.02,6,breakout_failure
600103,青山纸业,2020-06-19,2021-06-18,1.876783171771164,2.4620688384859863,15400,8993.35,31.12,52,max_hold
600336,澳柯玛,2020-07-24,2020-12-18,6.320703609860664,9.192576815801564,4700,13475.93,45.36,21,take_profit
600598,北大荒,2020-07-24,2020-08-28,15.559017129997354,16.750341707704532,1900,2245.1,7.59,5,breakout_failure
600855,航天长峰,2020-07-24,2020-11-06,17.45565489348752,15.17,1700,-3902.25,-13.15,15,stop_loss
002012,凯恩股份,2020-07-24,2020-07-31,5.913007396338128,5.86,5200,-294.0,-0.96,1,stop_loss
600756,浪潮软件,2020-08-07,2020-10-30,22.29081923666158,16.94,1300,-6971.37,-24.06,12,stop_loss
300058,蓝色光标,2020-09-04,2020-09-25,5.741801355224895,5.34503813985838,5200,-2080.46,-6.97,3,approaching_failed
002805,丰元股份,2020-09-04,2021-07-16,9.390939993873705,17.817094382657867,3100,26095.78,89.64,45,take_profit
300166,东方国信,2020-09-04,2020-09-25,15.035341897339825,13.13,2100,-4018.96,-12.73,3,stop_loss
000428,华天酒店,2020-09-18,2020-10-02,3.9137810302331326,3.29,8100,-5070.13,-15.99,2,stop_loss
002171,楚江新材,2020-10-02,2020-10-23,8.986228612783032,8.814117730008599,3500,-621.08,-1.97,3,approaching_failed
300118,东方日升,2020-10-02,2021-01-29,16.47813922623138,23.361657912371133,1900,13055.98,41.7,17,take_profit
000338,潍柴动力,2020-10-09,2021-02-26,13.206466144374831,18.5788870872126,2400,12870.92,40.61,20,take_profit
601899,紫金矿业,2020-10-30,2020-12-11,6.372735183994119,7.670217542610374,5200,6725.0,20.29,6,take_profit
002758,浙农股份,2020-10-30,2021-01-15,10.180675910749494,9.31,3300,-2892.53,-8.61,11,stop_loss
600258,首旅酒店,2020-11-06,2021-04-16,18.256467148794034,25.286041426185577,1800,12629.72,38.43,23,take_profit
000637,茂化实华,2020-11-13,2021-01-08,4.344881995831403,3.81,8100,-4352.36,-12.37,8,stop_loss
000518,四环生物,2020-12-18,2021-01-15,5.0850192971230745,4.52,6800,-3861.73,-11.17,4,stop_loss
600163,中闽能源,2020-12-25,2021-02-26,3.9694310592204203,4.104861480307279,8600,1143.87,3.35,9,breakout_failure
600356,恒丰纸业,2021-01-15,2021-02-12,8.325632368913023,7.4,4100,-3814.44,-11.17,4,stop_loss
000517,荣安地产,2021-01-15,2021-01-29,2.2641408673281878,2.03,15100,-3554.98,-10.4,2,stop_loss
600026,中远海能,2021-01-22,2021-01-29,6.50426897644449,6.21,5200,-1550.03,-4.58,1,stop_loss
600141,兴发集团,2021-01-22,2021-02-26,11.498097065767285,11.267429295628487,2900,-688.74,-2.07,5,breakout_failure
600481,双良节能,2021-02-05,2021-11-05,3.6974365451055657,12.086912504798466,9100,76301.14,226.77,39,take_profit
600666,奥瑞德,2021-02-05,2021-02-12,0.7002861657022034,0.66,57900,-2356.2,-5.81,1,stop_loss
601515,衢州东峰,2021-02-05,2021-02-12,4.265141307918295,4.01,9400,-2421.66,-6.04,1,stop_loss
000683,博源化工,2021-02-19,2021-07-30,2.1544849828047377,6.301951255775176,18600,77095.69,192.39,23,take_profit
000423,东阿阿胶,2021-02-19,2021-02-26,34.48264413183545,33.54,1300,-1251.97,-2.79,1,stop_loss
600449,宁夏建材,2021-02-19,2021-07-02,12.189184779792747,10.6,3800,-6064.88,-13.09,19,stop_loss
000791,甘肃能源,2021-03-05,2021-12-31,3.783032960106954,6.249632573352114,12200,30055.8,65.12,43,take_profit
600162,香江控股,2021-03-05,2021-03-12,1.452383547279156,1.41,33800,-1461.59,-2.98,1,stop_loss
000060,中金岭南,2021-03-05,2021-03-12,4.251220691866196,4.13,11500,-1422.95,-2.91,1,stop_loss
600266,城建发展,2021-03-05,2021-03-12,4.342037422421761,4.29,11200,-611.82,-1.26,1,stop_loss
600879,航天电子,2021-03-19,2022-03-18,7.033657853129123,6.19,6900,-5848.61,-12.05,51,stop_loss
002080,中材科技,2021-03-19,2021-04-09,22.511303843930637,19.27429384031792,2100,-6824.05,-14.44,3,approaching_failed
002375,亚厦股份,2021-03-19,2021-04-16,8.8835356806473,7.45,5300,-7623.71,-16.19,4,stop_loss
600601,方正科技,2021-03-26,2021-04-30,3.320459544567549,3.03,14100,-4122.34,-8.8,5,stop_loss
000633,合金投资,2021-04-16,2021-05-21,6.906899999999999,8.211780000000001,6700,8712.31,18.83,5,breakout_failure
600201,生物股份,2021-04-23,2021-06-11,20.43715597243301,18.19,2300,-5195.11,-11.05,7,stop_loss
002425,凯撒文化,2021-04-23,2021-08-06,8.968665920903954,7.19,5200,-9274.27,-19.89,15,stop_loss
300151,昌红科技,2021-05-07,2021-05-14,28.682339392942335,28.18,1600,-831.04,-1.81,1,stop_loss
600308,华泰股份,2021-05-21,2021-10-01,4.055177677599593,4.948834035991583,11300,10067.79,21.97,19,take_profit
000987,越秀资本,2021-05-28,2021-07-09,6.291185691240522,5.69,7400,-4475.37,-9.61,6,stop_loss
600982,宁波能源,2021-06-18,2021-07-30,2.98921603966469,2.68,15500,-4819.21,-10.4,6,stop_loss
002066,瑞泰科技,2021-06-25,2022-04-29,9.550517947931679,8.29,4800,-6076.18,-13.25,43,stop_loss
600010,包钢股份,2021-07-09,2021-10-15,1.8470094499999998,2.8839024964285715,24600,25472.65,56.06,14,take_profit
000959,首钢股份,2021-07-16,2021-09-24,5.630782762851701,7.467439407658134,8500,15578.18,32.55,8,take_profit
600021,上海电力,2021-07-23,2021-07-30,6.530360381113699,6.35,7500,-1381.68,-2.82,1,stop_loss
300042,朗科科技,2021-08-06,2021-09-17,16.280605110289507,13.9,3000,-7168.98,-14.68,6,stop_loss
002639,雪人集团,2021-08-06,2022-01-14,7.837829999999999,14.92506,6100,43190.45,90.34,23,take_profit
600540,新赛股份,2021-08-06,2021-08-27,5.215209999999999,4.8951,10000,-3231.43,-6.2,3,approaching_failed
600642,申能股份,2021-08-13,2021-10-15,5.223880855525266,5.401778108618158,9900,1729.62,3.34,9,take_profit
000883,湖北能源,2021-09-03,2022-03-18,4.502621913600854,3.7,11600,-9338.96,-17.88,27,stop_loss
002299,圣农发展,2021-09-24,2021-10-15,17.540559359307995,19.323566594582708,2900,5138.65,10.1,3,take_profit
300486,东杰智能,2021-10-01,2022-01-28,11.201787087719298,10.02,4600,-5465.51,-10.61,17,stop_loss
600251,冠农股份,2021-10-08,2021-11-12,9.396963154402005,7.91,5400,-8057.64,-15.88,5,stop_loss
000790,华神科技,2021-10-22,2021-11-05,5.346960293451533,4.86,9400,-4606.21,-9.16,2,stop_loss
600114,东睦股份,2021-10-22,2022-04-01,10.161456756484004,7.57,4900,-12724.2,-25.56,22,stop_loss
002540,亚太科技,2021-10-22,2021-12-10,4.573289429590189,5.656977112101036,10700,11562.62,23.63,7,take_profit
600703,三安光电,2021-11-12,2021-12-03,36.795129328211246,34.07465395985039,1300,-3564.26,-7.45,3,approaching_failed
300054,鼎龙股份,2021-11-12,2022-04-15,23.827112527313016,18.07,2000,-11539.36,-24.21,21,stop_loss
000739,普洛药业,2021-11-19,2022-01-07,35.435775653464034,28.68,1300,-8807.51,-19.12,7,stop_loss
000690,宝新能源,2021-12-10,2022-01-28,5.2264935963761285,4.4,9100,-7547.37,-15.87,7,stop_loss
600026,中远海能,2021-12-17,2022-01-28,5.412283394950881,4.78,8700,-5527.47,-11.74,6,stop_loss
000731,四川美丰,2022-01-07,2022-01-28,9.082390236995899,7.766812656037377,5100,-6735.22,-14.54,3,approaching_failed
600222,太龙药业,2022-01-14,2022-01-21,8.840000755978773,8.45,5200,-2054.98,-4.47,1,stop_loss
600547,山东黄金,2022-01-21,2022-01-28,19.364373217604452,18.04,2300,-3071.87,-6.9,1,stop_loss
600926,杭州银行,2022-01-28,2022-03-11,11.958458760333727,11.8,3800,-629.23,-1.38,5,stop_loss
600188,兖矿能源,2022-02-11,2022-09-02,11.071549407184019,19.230250221428125,4100,33413.4,73.61,29,take_profit
000692,惠天热电,2022-02-11,2022-04-22,4.2042,3.6,11500,-6975.22,-14.43,10,stop_loss
601225,陕西煤业,2022-02-11,2022-11-04,10.455771300448431,16.391923276992063,4500,26676.44,56.7,37,take_profit
300469,信息发展,2022-02-11,2022-03-18,16.1161,13.64,3100,-7703.58,-15.42,5,stop_loss
600769,祥龙电业,2022-02-11,2022-03-18,7.057049999999999,8.43156,7000,9589.04,19.41,5,breakout_failure
600714,金瑞矿业,2022-03-18,2022-04-29,14.859444807892002,12.45,3400,-8219.97,-16.27,6,stop_loss
600262,北方股份,2022-03-25,2022-04-15,20.842281553398053,17.58512706468289,2300,-7517.97,-15.68,3,approaching_failed
600671,天目药业,2022-03-25,2022-04-22,9.64964,8.51,5100,-5839.95,-11.87,4,stop_loss
000863,三湘印象,2022-03-25,2022-04-29,3.9063745289592107,2.94,12400,-12008.51,-24.79,5,stop_loss
600595,中孚实业,2022-03-25,2022-09-23,4.066924051684131,3.44,11700,-7361.36,-15.47,26,stop_loss
600222,太龙药业,2022-04-08,2022-04-15,7.640852671367303,7.43,6100,-1313.78,-2.82,1,stop_loss
000839,国安股份,2022-04-22,2022-05-20,2.6426399999999997,2.14,17700,-8922.12,-19.07,4,stop_loss
600888,新疆众和,2022-04-22,2022-04-29,7.128903314129297,6.8,6400,-2131.72,-4.67,1,stop_loss
000506,招金黄金,2022-05-06,2023-05-19,2.9729699999999997,4.36563,15400,21413.06,46.77,52,max_hold
600601,方正科技,2022-05-13,2023-05-26,2.2586323731340237,2.827169606808269,21100,11963.94,25.1,52,max_hold
600982,宁波能源,2022-05-13,2022-09-16,5.156183541198118,4.22,9400,-8826.57,-18.21,18,stop_loss
603966,法兰泰克,2022-05-13,2022-10-28,5.67623134985087,7.102016468712164,8400,11944.39,25.05,23,take_profit
600089,特变电工,2022-05-20,2023-06-02,14.907773349836711,16.042653464661083,3200,3601.9,7.55,52,max_hold
600629,华建集团,2022-05-20,2022-08-05,6.403935147847137,5.04,7700,-10528.74,-21.35,11,stop_loss
688329,艾隆科技,2022-05-20,2022-05-27,25.644389614101943,24.93,1800,-1313.21,-2.84,1,stop_loss
000663,永安林业,2022-05-27,2022-08-05,7.24724,8.991,6600,11476.66,23.99,10,take_profit
000829,天音控股,2022-06-03,2023-06-16,10.044974579653449,9.968443459190327,4900,-404.42,-0.82,52,max_hold
000686,东北证券,2022-08-12,2022-09-23,6.651598693754035,6.12,7400,-3962.18,-8.05,6,stop_loss
600099,林海股份,2022-08-12,2022-09-02,8.808482577204424,8.860180714208495,5500,255.19,0.53,3,approaching_failed
600115,中国东航,2022-09-09,2023-06-02,5.004999999999999,4.64,9700,-3568.57,-7.35,36,stop_loss
002162,悦心健康,2022-09-09,2022-09-23,4.63463,4.11,10500,-5536.16,-11.38,2,stop_loss
601888,中国中免,2022-09-30,2022-10-14,188.48389131653866,166.4,200,-4438.07,-11.77,1,stop_loss
603317,天味食品,2022-09-30,2022-11-11,16.384036975744877,18.274984182676942,2900,5453.59,11.48,5,breakout_failure
600149,廊坊发展,2022-10-14,2022-12-09,6.096089999999999,7.0529399999999995,7900,7527.95,15.63,8,breakout_failure
000600,建投能源,2022-10-14,2023-05-19,5.218075218978101,6.284771242179353,9300,9888.18,20.38,30,breakout_failure
603606,东方电缆,2022-10-21,2022-11-25,66.5981126236589,54.83,700,-8263.18,-17.73,5,stop_loss
600160,巨化股份,2022-11-04,2023-03-10,17.37285909913089,17.48263265937265,2800,278.09,0.57,17,breakout_failure
000506,招金黄金,2022-11-11,2023-04-28,3.6436399999999995,4.72527,13400,14460.2,29.62,23,take_profit
000715,中兴商业,2022-11-18,2023-12-01,3.9550292672458442,6.044743232643153,12700,26501.27,52.76,52,max_hold
000892,欢瑞世纪,2022-12-02,2023-01-06,4.2042,4.275720000000001,12500,862.2,1.64,5,breakout_failure
600546,山煤国际,2022-12-16,2022-12-23,12.7428439276172,11.83,4100,-3772.88,-7.22,1,stop_loss
002953,日丰股份,2022-12-30,2024-01-12,10.6279802809482,9.580397242397638,4900,-5162.86,-9.91,52,max_hold
000537,绿发电力,2023-01-13,2023-03-31,13.168720797644925,11.13,3900,-7979.44,-15.54,10,stop_loss
600547,山东黄金,2023-03-17,2023-05-12,20.468500821571027,23.49272469499721,2500,7527.59,14.71,8,take_profit
000776,广发证券,2023-04-07,2023-04-28,15.205047572461517,14.05,3400,-3957.0,-7.65,3,stop_loss
002011,盾安环境,2023-05-05,2023-05-12,13.513499999999999,13.3,3800,-841.87,-1.64,1,stop_loss
601588,北辰实业,2023-05-05,2024-01-12,2.023584644296342,1.83,25500,-4965.89,-9.62,35,stop_loss
002319,乐通股份,2023-05-19,2023-06-09,16.17616,15.43455,3100,-2328.39,-4.64,3,approaching_failed
601606,长城军工,2023-05-19,2023-12-22,13.86738809359945,11.89,3600,-7146.42,-14.31,30,stop_loss
002413,雷科防务,2023-05-26,2023-11-24,5.165159999999999,6.04395,9700,8491.64,16.95,25,breakout_failure
002487,大金重工,2023-05-26,2023-06-02,34.938631456310674,33.06,1400,-2658.64,-5.44,1,stop_loss
002380,科远智慧,2023-06-02,2023-10-27,19.66477456631972,16.77,2500,-7264.26,-14.78,20,stop_loss
300227,光韵达,2023-06-09,2023-06-30,7.857951700203197,7.931820359281438,6300,435.53,0.88,3,approaching_failed
300802,矩子科技,2023-06-09,2023-06-30,23.427135580467983,22.29,2100,-2416.79,-4.91,3,stop_loss
300846,首都在线,2023-06-09,2023-07-28,18.888869999999997,13.51,2600,-14010.33,-28.53,7,stop_loss
600271,航天信息,2023-06-16,2023-07-07,14.630926377581414,13.23195436358221,3300,-4644.19,-9.62,3,approaching_failed
600118,中国卫星,2023-06-23,2023-08-25,28.776009270045854,25.26,1600,-5651.55,-12.27,9,stop_loss
000722,湖南发展,2023-07-07,2023-08-25,12.142102961365943,10.94,3900,-4715.21,-9.96,7,stop_loss
600626,申达股份,2023-07-07,2023-10-27,3.5935899999999994,3.34,13200,-3374.85,-7.11,15,stop_loss
600301,华锡有色,2023-07-14,2023-08-04,18.318299999999997,17.47251,2500,-2141.32,-4.68,3,approaching_failed
002181,粤传媒,2023-08-04,2023-08-25,4.866889245696131,4.52,9600,-3357.17,-7.19,3,stop_loss
002279,久其软件,2023-08-11,2024-01-12,7.057049999999999,6.02,6600,-6870.42,-14.75,21,stop_loss
600547,山东黄金,2023-09-01,2023-09-22,25.828309470752085,25.05004688356546,1700,-1348.99,-3.07,3,approaching_failed
600602,云赛智联,2023-09-01,2023-10-27,15.670882605190563,12.27,2900,-9886.87,-21.76,7,stop_loss
601600,中国铝业,2023-09-01,2023-10-27,5.98436047876731,5.49,7500,-3733.52,-8.32,7,stop_loss
002463,沪电股份,2023-09-29,2024-07-26,21.73017570125042,32.79821138591048,2000,22103.35,50.86,41,take_profit
600191,华资实业,2023-11-03,2024-01-19,6.46646,5.88,7200,-4249.18,-9.13,11,stop_loss
600980,北矿科技,2023-11-03,2024-01-26,15.718195917360806,14.23,2900,-4341.82,-9.53,12,stop_loss
300335,迪森股份,2023-11-03,2024-01-26,5.281263829787233,4.73,8600,-4766.7,-10.49,12,stop_loss
603928,兴业股份,2023-11-03,2024-01-26,9.324988322717621,8.43,4800,-4321.51,-9.65,12,stop_loss
002243,力合科创,2023-12-01,2023-12-08,8.045161883778574,7.87,5600,-1007.64,-2.24,1,stop_loss
600350,山东高速,2023-12-08,2024-05-03,6.385332760341219,7.979413211009174,7000,11128.4,24.9,20,take_profit
600546,山煤国际,2023-12-15,2023-12-29,16.303648998056836,15.59,2800,-2025.01,-4.44,2,stop_loss
000933,神火股份,2023-12-29,2024-04-19,15.070711921934663,20.609203930265746,3000,16583.36,36.68,15,take_profit
601998,中信银行,2024-01-05,2025-01-10,5.043627477236207,6.46087209670351,9300,13148.28,28.03,52,max_hold
002197,证通电子,2024-01-19,2024-01-26,10.940929999999998,9.86,4400,-4783.55,-9.94,1,stop_loss
603568,伟明环保,2024-01-19,2024-01-26,13.344716026020107,12.79,3600,-2025.2,-4.22,1,stop_loss
601566,九牧王,2024-01-19,2024-02-02,11.366503228910506,8.6,4200,-11644.47,-24.39,2,stop_loss
300308,中际旭创,2024-01-26,2025-01-31,82.6640681839519,113.99477526007357,500,15635.85,37.83,52,max_hold
688253,英诺特,2024-02-09,2024-04-12,29.86254804943993,30.18173282155272,1600,481.87,1.01,8,breakout_failure
600719,大连热电,2024-02-23,2024-08-23,7.067059999999999,5.82,6800,-8506.3,-17.7,26,stop_loss
002259,升达林业,2024-02-23,2024-05-10,3.5035,3.13,13500,-5069.12,-10.72,11,stop_loss
300124,汇川技术,2024-02-23,2024-03-15,59.91305084874933,63.02435219327097,700,2152.09,5.13,3,breakout_failure
603779,威龙股份,2024-02-23,2024-08-23,9.406629253731342,7.51,5000,-9508.52,-20.22,26,stop_loss
002236,大华股份,2024-03-01,2024-07-05,17.363648305084745,13.69,2600,-9575.71,-21.21,18,stop_loss
000890,法尔胜,2024-03-22,2024-04-12,4.084079999999999,3.8,11100,-3179.54,-7.01,3,stop_loss
002001,新和成,2024-04-26,2024-08-23,16.787181515394302,17.985801120834072,2600,3089.29,7.08,17,take_profit
002126,银轮股份,2024-04-26,2024-05-10,18.603374649766508,18.467501162178298,2400,-352.79,-0.79,2,breakout_failure
688300,联瑞新材,2024-04-26,2025-01-03,36.29302860911027,46.12702351628284,1200,11771.12,27.03,36,take_profit
600114,东睦股份,2024-05-10,2024-05-31,14.86432830759915,14.131885714285714,3100,-2297.54,-4.99,3,approaching_failed
601100,恒立液压,2024-05-17,2024-05-31,51.80023927871422,47.28,800,-3639.97,-8.78,2,stop_loss
600076,康欣新材,2024-05-17,2024-06-07,1.9519499999999996,1.67,23500,-6651.36,-14.5,3,stop_loss
600131,国网信通,2024-06-07,2024-07-05,18.42444091033326,15.64,2400,-6707.18,-15.17,4,stop_loss
002579,中京电子,2024-06-07,2024-07-26,7.857849999999999,6.43,5700,-8163.18,-18.23,7,stop_loss
603283,DR赛腾股,2024-06-14,2024-07-26,43.81024784335136,33.13,1000,-10703.33,-24.43,6,stop_loss
600988,赤峰黄金,2024-07-12,2024-12-20,19.510016690367756,15.75,2200,-8295.31,-19.33,23,stop_loss
300222,科大智能,2024-07-12,2024-11-29,5.735385032030799,11.955538767398725,7300,45368.38,108.36,20,take_profit
000617,中油资本,2024-08-02,2024-08-23,5.384149552395997,5.168226134055518,8600,-1884.17,-4.07,3,approaching_failed
000912,泸天化,2024-08-02,2024-08-23,3.56356,3.4265700000000003,12900,-1794.22,-3.9,3,approaching_failed
600125,铁龙物流,2024-08-02,2024-08-23,6.063972158670976,5.79,7600,-2109.22,-4.58,3,stop_loss
600563,法拉电子,2024-08-30,2025-03-28,84.00547219399537,108.7056362256681,500,12321.18,29.33,30,take_profit
603933,睿能科技,2024-08-30,2024-12-06,12.692304672630375,17.229331742957747,3700,16753.79,35.68,14,breakout_failure
688182,灿勤科技,2024-08-30,2024-09-20,11.626897020355981,10.62,4100,-4155.64,-8.72,3,stop_loss
002902,铭普光磁,2024-08-30,2024-09-20,19.52951,17.84214,2400,-4076.6,-8.7,3,approaching_failed
603685,晨丰科技,2024-08-30,2025-08-29,10.862648025498352,19.21077,4300,35858.13,76.77,52,max_hold
603663,三祥新材,2024-09-06,2024-09-27,14.423943138915776,14.903187274235929,3500,1646.56,3.26,3,approaching_failed
600166,福田汽车,2024-09-27,2025-04-11,2.54254,2.23,20100,-6310.83,-12.35,28,stop_loss
000636,风华高科,2024-09-27,2024-10-11,14.317274134740494,14.792625369324185,3500,1633.16,3.26,2,breakout_failure
000049,德赛电池,2024-10-04,2025-04-11,25.530752036728583,19.81,1900,-10895.27,-22.46,27,stop_loss
002384,东山精密,2024-10-18,2025-09-26,24.474004462790298,68.51142,2000,88019.04,179.82,49,take_profit
600686,金龙汽车,2024-12-13,2025-04-11,15.901054901151271,10.61,3600,-19076.43,-33.32,17,stop_loss
300677,英科医疗,2024-12-13,2025-01-03,27.421557687692832,25.11,2000,-4654.63,-8.49,3,stop_loss
600007,中国国贸,2024-12-27,2025-01-10,23.2505229953522,22.45,2300,-1872.74,-3.5,2,stop_loss
000933,神火股份,2025-01-10,2025-01-24,16.380758268985993,17.084682456126817,3300,2289.82,4.24,2,breakout_failure
601298,青岛港,2025-01-10,2025-01-17,8.350924068770043,8.27,6600,-567.01,-1.03,1,stop_loss
600259,中稀有色,2025-01-17,2025-05-30,30.15139989550679,42.887628954117986,1800,22885.77,42.17,19,take_profit
600367,红星发展,2025-01-17,2025-03-21,13.869881605766839,14.270380555216596,4100,1607.43,2.83,9,breakout_failure
600114,东睦股份,2025-01-24,2025-02-14,17.36737814108386,19.09035811599844,3300,5649.74,9.86,3,breakout_failure
000725,京东方Ａ,2025-01-31,2025-04-11,4.408358110996462,4.0,13200,-5423.62,-9.32,10,stop_loss
600301,华锡有色,2025-02-07,2025-09-19,18.1181,30.93903,3100,39699.26,70.68,32,take_profit
000825,太钢不锈,2025-02-21,2025-04-11,3.6336299999999997,3.2,16800,-7319.43,-11.99,7,stop_loss
600234,科新发展,2025-03-28,2025-04-18,6.11611,6.37362,9900,2512.25,4.15,3,approaching_failed
603606,东方电缆,2025-04-04,2025-04-11,41.1173516789745,39.84,1400,-1822.29,-3.17,1,stop_loss
600310,广西能源,2025-04-18,2025-09-26,4.770629067824924,3.89,12700,-11216.99,-18.51,23,stop_loss
688337,普源精电,2025-04-18,2025-05-09,39.55614639927073,35.33981689022008,1500,-6358.2,-10.72,3,approaching_failed
002582,好想你,2025-04-25,2026-01-30,10.438650306766965,12.112448524090652,5600,9335.38,15.97,40,take_profit
688396,华润微,2025-04-25,2025-05-16,47.13859115411195,47.852080274459475,1200,821.99,1.45,3,approaching_failed
601061,中信金属,2025-04-25,2025-11-21,7.552928487229862,14.776480129104687,7900,57013.14,95.55,30,take_profit
000889,中嘉博创,2025-05-02,2025-05-23,2.72272,2.75724,23900,785.74,1.21,3,breakout_failure
600742,富维股份,2025-05-02,2025-10-17,8.691445755046907,9.099850084957565,7500,3023.0,4.64,24,take_profit
002298,中电鑫龙,2025-05-16,2025-05-23,5.825819999999999,5.7,11200,-1447.91,-2.22,1,stop_loss
000738,航发控制,2025-05-23,2025-05-30,18.692908429285247,18.63,3400,-251.96,-0.4,1,stop_loss
000422,湖北宜化,2025-05-30,2025-06-06,12.189252367351138,12.02,5300,-935.53,-1.45,1,stop_loss
000949,新乡化纤,2025-05-30,2025-11-21,3.952184433756365,4.452264441233529,16500,8209.72,12.59,25,breakout_failure
000917,电广传媒,2025-06-06,2026-06-05,7.298391122505057,7.74225,9000,3954.12,6.02,51,end_of_data
600740,山西焦化,2025-06-06,2026-03-06,3.5939200121085357,4.80519,18400,22241.0,33.63,38,breakout_failure
600316,洪都航空,2025-06-13,2025-08-01,35.85545368337311,41.84811,1900,11341.76,16.65,7,breakout_failure
600191,华资实业,2025-08-08,2025-09-05,8.118109999999998,7.54,8500,-4953.86,-7.18,4,stop_loss
000816,智慧农业,2025-09-05,2026-05-15,3.22322,2.93,21400,-6314.41,-9.15,35,stop_loss
002170,芭田股份,2025-09-12,2025-09-19,10.445024547840084,9.9,6500,-3582.33,-5.28,1,stop_loss
000672,上峰水泥,2025-09-26,2026-02-27,9.358081174336693,13.707491298561608,7200,31265.93,46.4,21,take_profit
002163,海南发展,2025-09-26,2025-11-21,10.240229999999999,13.54644,6900,22763.61,32.22,8,take_profit
603103,横店影视,2025-10-03,2025-10-10,18.21546460216813,15.58,4000,-10582.41,-14.52,1,stop_loss
688358,祥生医疗,2025-10-03,2026-03-27,32.6524620562269,28.35,2200,-9505.68,-13.23,24,stop_loss
000791,甘肃能源,2025-10-17,2026-03-13,6.7982441707451,8.12796579129563,10400,13782.54,19.49,20,take_profit
000539,粤电力Ａ,2025-10-24,2025-11-28,4.774769999999999,4.53,15100,-3738.18,-5.18,5,stop_loss
000700,模塑科技,2025-11-28,2026-06-05,10.074140325961759,16.563419999999997,7100,46017.15,64.34,26,end_of_data
600721,百花医药,2025-11-28,2026-01-09,10.072246020974706,9.535098581122764,7500,-4072.72,-5.39,5,breakout_failure
002243,力合科创,2025-11-28,2025-12-19,9.762475939961442,8.76,7700,-7761.85,-10.33,3,stop_loss
000825,太钢不锈,2025-12-05,2026-01-16,4.37437,5.24475,17100,14834.15,19.83,6,take_profit
000506,招金黄金,2025-12-26,2026-02-06,13.553539999999998,19.43055,5600,32855.84,43.29,6,take_profit
600278,东方创业,2026-01-16,2026-03-27,8.38838,7.35,9400,-9805.15,-12.44,9,stop_loss
000545,金浦钛业,2026-01-23,2026-02-13,3.0930899999999997,2.82717,25300,-6772.71,-8.65,3,approaching_failed
600159,大龙地产,2026-02-06,2026-04-03,3.0530499999999994,2.67,25500,-9811.56,-12.6,7,stop_loss
000823,超声电子,2026-02-13,2026-03-27,14.843818428446856,12.65,5100,-11230.54,-14.83,5,stop_loss
000655,金岭矿业,2026-02-27,2026-03-20,11.321309999999999,9.85,6700,-9900.33,-13.05,3,stop_loss
002356,赫美集团,2026-03-06,2026-03-20,4.42442,3.81,16900,-10425.45,-13.94,2,stop_loss
600110,诺德股份,2026-03-13,2026-03-27,8.348339999999999,7.1,8800,-11026.18,-15.01,2,stop_loss
000617,中油资本,2026-03-20,2026-05-22,9.92992,8.73,7300,-8800.28,-12.14,9,stop_loss
600250,南京商旅,2026-03-27,2026-05-01,12.922909999999998,10.62,5600,-12935.85,-17.88,5,stop_loss
002183,怡亚通,2026-03-27,2026-06-05,5.605599999999999,6.23376,12700,7932.52,11.14,10,end_of_data
002579,中京电子,2026-04-03,2026-06-05,12.362349999999998,19.43055,5800,40940.24,57.1,9,end_of_data
300502,新易盛,2026-04-03,2026-04-24,455.7553,536.73273,100,8067.97,17.7,3,take_profit
688313,仕佳光子,2026-04-03,2026-06-05,96.4964,168.69114000000002,700,50480.63,74.73,9,end_of_data
301295,美硕科技,2026-04-03,2026-05-22,35.17419680851064,48.72781914893617,2300,31115.44,38.46,7,take_profit
300082,奥克股份,2026-04-10,2026-06-05,10.73072,9.48051,7800,-9798.93,-11.71,8,end_of_data
600162,香江控股,2026-05-01,2026-06-05,1.8918899999999996,3.34665,43700,63504.33,76.81,5,end_of_data
600010,包钢股份,2026-05-08,2026-05-29,2.7727699999999995,2.44,31900,-10665.25,-12.06,3,stop_loss
000543,皖能电力,2026-05-22,2026-06-05,8.73873,9.61038,10000,8661.45,9.91,2,end_of_data
300317,珈伟新能,2026-05-29,2026-06-05,5.725719999999999,5.70429,15400,-382.83,-0.43,1,end_of_data
300486,东杰智能,2026-05-29,2026-06-05,24.96494,28.22175,3500,11342.99,12.98,1,end_of_data
600157,永泰能源,2026-06-05,2026-06-05,1.85185,1.8481500000000002,48200,-231.84,-0.26,0,end_of_data
